filename,annot
rh.Schaefer2018_400Parcels_17Networks_order.annot.ply,rh.Schaefer2018_400Parcels_17Networks_order.annot
rh.LCBC_roi.0001.ply,
rh.LCBC_roi.0002.ply,17Networks_RH_VisCent_ExStr_1
rh.LCBC_roi.0003.ply,17Networks_RH_VisCent_ExStr_2
rh.LCBC_roi.0004.ply,17Networks_RH_VisCent_ExStr_3
rh.LCBC_roi.0005.ply,17Networks_RH_VisCent_ExStr_4
rh.LCBC_roi.0006.ply,17Networks_RH_VisCent_ExStr_5
rh.LCBC_roi.0007.ply,17Networks_RH_VisCent_ExStr_6
rh.LCBC_roi.0008.ply,17Networks_RH_VisCent_ExStr_7
rh.LCBC_roi.0009.ply,17Networks_RH_VisCent_ExStr_8
rh.LCBC_roi.0010.ply,17Networks_RH_VisCent_ExStr_9
rh.LCBC_roi.0011.ply,17Networks_RH_VisCent_ExStr_10
rh.LCBC_roi.0012.ply,17Networks_RH_VisCent_ExStr_11
rh.LCBC_roi.0013.ply,17Networks_RH_VisCent_ExStr_12
rh.LCBC_roi.0014.ply,17Networks_RH_VisPeri_ExStrSup_1
rh.LCBC_roi.0015.ply,17Networks_RH_VisPeri_ExStrSup_2
rh.LCBC_roi.0016.ply,17Networks_RH_VisPeri_ExStrSup_3
rh.LCBC_roi.0017.ply,17Networks_RH_VisPeri_ExStrSup_4
rh.LCBC_roi.0018.ply,17Networks_RH_VisPeri_ExStrSup_5
rh.LCBC_roi.0019.ply,17Networks_RH_VisPeri_ExStrSup_6
rh.LCBC_roi.0020.ply,17Networks_RH_VisPeri_ExStrSup_7
rh.LCBC_roi.0021.ply,17Networks_RH_VisPeri_ExStrSup_8
rh.LCBC_roi.0022.ply,17Networks_RH_VisPeri_ExStrSup_9
rh.LCBC_roi.0023.ply,17Networks_RH_VisPeri_ExStrSup_10
rh.LCBC_roi.0024.ply,17Networks_RH_VisPeri_ExStrSup_11
rh.LCBC_roi.0025.ply,17Networks_RH_SomMotA_1
rh.LCBC_roi.0026.ply,17Networks_RH_SomMotA_2
rh.LCBC_roi.0027.ply,17Networks_RH_SomMotA_3
rh.LCBC_roi.0028.ply,17Networks_RH_SomMotA_4
rh.LCBC_roi.0029.ply,17Networks_RH_SomMotA_5
rh.LCBC_roi.0030.ply,17Networks_RH_SomMotA_6
rh.LCBC_roi.0031.ply,17Networks_RH_SomMotA_7
rh.LCBC_roi.0032.ply,17Networks_RH_SomMotA_8
rh.LCBC_roi.0033.ply,17Networks_RH_SomMotA_9
rh.LCBC_roi.0034.ply,17Networks_RH_SomMotA_10
rh.LCBC_roi.0035.ply,17Networks_RH_SomMotA_11
rh.LCBC_roi.0036.ply,17Networks_RH_SomMotA_12
rh.LCBC_roi.0037.ply,17Networks_RH_SomMotA_13
rh.LCBC_roi.0038.ply,17Networks_RH_SomMotA_14
rh.LCBC_roi.0039.ply,17Networks_RH_SomMotA_15
rh.LCBC_roi.0040.ply,17Networks_RH_SomMotA_16
rh.LCBC_roi.0041.ply,17Networks_RH_SomMotA_17
rh.LCBC_roi.0042.ply,17Networks_RH_SomMotA_18
rh.LCBC_roi.0043.ply,17Networks_RH_SomMotA_19
rh.LCBC_roi.0044.ply,17Networks_RH_SomMotA_20
rh.LCBC_roi.0045.ply,17Networks_RH_SomMotB_S2_1
rh.LCBC_roi.0046.ply,17Networks_RH_SomMotB_S2_2
rh.LCBC_roi.0047.ply,17Networks_RH_SomMotB_S2_3
rh.LCBC_roi.0048.ply,17Networks_RH_SomMotB_S2_4
rh.LCBC_roi.0049.ply,17Networks_RH_SomMotB_S2_5
rh.LCBC_roi.0050.ply,17Networks_RH_SomMotB_S2_6
rh.LCBC_roi.0051.ply,17Networks_RH_SomMotB_S2_7
rh.LCBC_roi.0052.ply,17Networks_RH_SomMotB_S2_8
rh.LCBC_roi.0053.ply,17Networks_RH_SomMotB_S2_9
rh.LCBC_roi.0054.ply,17Networks_RH_SomMotB_S2_10
rh.LCBC_roi.0055.ply,17Networks_RH_SomMotB_S2_11
rh.LCBC_roi.0056.ply,17Networks_RH_SomMotB_S2_12
rh.LCBC_roi.0057.ply,17Networks_RH_SomMotB_S2_13
rh.LCBC_roi.0058.ply,17Networks_RH_SomMotB_S2_14
rh.LCBC_roi.0059.ply,17Networks_RH_SomMotB_S2_15
rh.LCBC_roi.0060.ply,17Networks_RH_DorsAttnA_TempOcc_1
rh.LCBC_roi.0061.ply,17Networks_RH_DorsAttnA_TempOcc_2
rh.LCBC_roi.0062.ply,17Networks_RH_DorsAttnA_TempOcc_3
rh.LCBC_roi.0063.ply,17Networks_RH_DorsAttnA_TempOcc_4
rh.LCBC_roi.0064.ply,17Networks_RH_DorsAttnA_TempOcc_5
rh.LCBC_roi.0065.ply,17Networks_RH_DorsAttnA_SPL_1
rh.LCBC_roi.0066.ply,17Networks_RH_DorsAttnA_SPL_2
rh.LCBC_roi.0067.ply,17Networks_RH_DorsAttnA_SPL_3
rh.LCBC_roi.0068.ply,17Networks_RH_DorsAttnA_SPL_4
rh.LCBC_roi.0069.ply,17Networks_RH_DorsAttnA_SPL_5
rh.LCBC_roi.0070.ply,17Networks_RH_DorsAttnA_SPL_6
rh.LCBC_roi.0071.ply,17Networks_RH_DorsAttnA_SPL_7
rh.LCBC_roi.0072.ply,17Networks_RH_DorsAttnA_SPL_8
rh.LCBC_roi.0073.ply,17Networks_RH_DorsAttnA_SPL_9
rh.LCBC_roi.0074.ply,17Networks_RH_DorsAttnB_TempOcc_1
rh.LCBC_roi.0075.ply,17Networks_RH_DorsAttnB_PostC_1
rh.LCBC_roi.0076.ply,17Networks_RH_DorsAttnB_PostC_2
rh.LCBC_roi.0077.ply,17Networks_RH_DorsAttnB_PostC_3
rh.LCBC_roi.0078.ply,17Networks_RH_DorsAttnB_PostC_4
rh.LCBC_roi.0079.ply,17Networks_RH_DorsAttnB_PostC_5
rh.LCBC_roi.0080.ply,17Networks_RH_DorsAttnB_PostC_6
rh.LCBC_roi.0081.ply,17Networks_RH_DorsAttnB_PostC_7
rh.LCBC_roi.0082.ply,17Networks_RH_DorsAttnB_PostC_8
rh.LCBC_roi.0083.ply,17Networks_RH_DorsAttnB_FEF_1
rh.LCBC_roi.0084.ply,17Networks_RH_DorsAttnB_FEF_2
rh.LCBC_roi.0085.ply,17Networks_RH_DorsAttnB_FEF_3
rh.LCBC_roi.0086.ply,17Networks_RH_SalVentAttnA_ParOper_1
rh.LCBC_roi.0087.ply,17Networks_RH_SalVentAttnA_ParOper_2
rh.LCBC_roi.0088.ply,17Networks_RH_SalVentAttnA_ParOper_3
rh.LCBC_roi.0089.ply,17Networks_RH_SalVentAttnA_PrC_1
rh.LCBC_roi.0090.ply,17Networks_RH_SalVentAttnA_Ins_1
rh.LCBC_roi.0091.ply,17Networks_RH_SalVentAttnA_Ins_2
rh.LCBC_roi.0092.ply,17Networks_RH_SalVentAttnA_Ins_3
rh.LCBC_roi.0093.ply,17Networks_RH_SalVentAttnA_Ins_4
rh.LCBC_roi.0094.ply,17Networks_RH_SalVentAttnA_Ins_5
rh.LCBC_roi.0095.ply,17Networks_RH_SalVentAttnA_Ins_6
rh.LCBC_roi.0096.ply,17Networks_RH_SalVentAttnA_Ins_7
rh.LCBC_roi.0097.ply,17Networks_RH_SalVentAttnA_ParMed_1
rh.LCBC_roi.0098.ply,17Networks_RH_SalVentAttnA_ParMed_2
rh.LCBC_roi.0099.ply,17Networks_RH_SalVentAttnA_ParMed_3
rh.LCBC_roi.0100.ply,17Networks_RH_SalVentAttnA_ParMed_4
rh.LCBC_roi.0101.ply,17Networks_RH_SalVentAttnA_ParMed_5
rh.LCBC_roi.0102.ply,17Networks_RH_SalVentAttnA_ParMed_6
rh.LCBC_roi.0103.ply,17Networks_RH_SalVentAttnA_ParMed_7
rh.LCBC_roi.0104.ply,17Networks_RH_SalVentAttnA_ParMed_8
rh.LCBC_roi.0105.ply,17Networks_RH_SalVentAttnB_IPL_1
rh.LCBC_roi.0106.ply,17Networks_RH_SalVentAttnB_PFCl_1
rh.LCBC_roi.0107.ply,17Networks_RH_SalVentAttnB_PFCl_2
rh.LCBC_roi.0108.ply,17Networks_RH_SalVentAttnB_PFCl_3
rh.LCBC_roi.0109.ply,17Networks_RH_SalVentAttnB_PFCl_4
rh.LCBC_roi.0110.ply,17Networks_RH_SalVentAttnB_PFCv_1
rh.LCBC_roi.0111.ply,17Networks_RH_SalVentAttnB_PFCv_2
rh.LCBC_roi.0112.ply,17Networks_RH_SalVentAttnB_PFCmp_1
rh.LCBC_roi.0113.ply,17Networks_RH_SalVentAttnB_PFCmp_2
rh.LCBC_roi.0114.ply,17Networks_RH_Limbic_OFC_1
rh.LCBC_roi.0115.ply,17Networks_RH_Limbic_OFC_2
rh.LCBC_roi.0116.ply,17Networks_RH_Limbic_OFC_3
rh.LCBC_roi.0117.ply,17Networks_RH_Limbic_OFC_4
rh.LCBC_roi.0118.ply,17Networks_RH_Limbic_OFC_5
rh.LCBC_roi.0119.ply,17Networks_RH_Limbic_OFC_6
rh.LCBC_roi.0120.ply,17Networks_RH_Limbic_TempPole_1
rh.LCBC_roi.0121.ply,17Networks_RH_Limbic_TempPole_2
rh.LCBC_roi.0122.ply,17Networks_RH_Limbic_TempPole_3
rh.LCBC_roi.0123.ply,17Networks_RH_Limbic_TempPole_4
rh.LCBC_roi.0124.ply,17Networks_RH_Limbic_TempPole_5
rh.LCBC_roi.0125.ply,17Networks_RH_Limbic_TempPole_6
rh.LCBC_roi.0126.ply,17Networks_RH_ContA_IPS_1
rh.LCBC_roi.0127.ply,17Networks_RH_ContA_IPS_2
rh.LCBC_roi.0128.ply,17Networks_RH_ContA_IPS_3
rh.LCBC_roi.0129.ply,17Networks_RH_ContA_IPS_4
rh.LCBC_roi.0130.ply,17Networks_RH_ContA_PFCd_1
rh.LCBC_roi.0131.ply,17Networks_RH_ContA_PFCl_1
rh.LCBC_roi.0132.ply,17Networks_RH_ContA_PFCl_2
rh.LCBC_roi.0133.ply,17Networks_RH_ContA_PFCl_3
rh.LCBC_roi.0134.ply,17Networks_RH_ContA_PFCl_4
rh.LCBC_roi.0135.ply,17Networks_RH_ContA_PFCl_5
rh.LCBC_roi.0136.ply,17Networks_RH_ContA_Cinga_1
rh.LCBC_roi.0137.ply,17Networks_RH_ContB_Temp_1
rh.LCBC_roi.0138.ply,17Networks_RH_ContB_Temp_2
rh.LCBC_roi.0139.ply,17Networks_RH_ContB_IPL_1
rh.LCBC_roi.0140.ply,17Networks_RH_ContB_IPL_2
rh.LCBC_roi.0141.ply,17Networks_RH_ContB_IPL_3
rh.LCBC_roi.0142.ply,17Networks_RH_ContB_IPL_4
rh.LCBC_roi.0143.ply,17Networks_RH_ContB_PFCld_1
rh.LCBC_roi.0144.ply,17Networks_RH_ContB_PFCld_2
rh.LCBC_roi.0145.ply,17Networks_RH_ContB_PFCld_3
rh.LCBC_roi.0146.ply,17Networks_RH_ContB_PFCld_4
rh.LCBC_roi.0147.ply,17Networks_RH_ContB_PFClv_1
rh.LCBC_roi.0148.ply,17Networks_RH_ContB_PFClv_2
rh.LCBC_roi.0149.ply,17Networks_RH_ContB_PFClv_3
rh.LCBC_roi.0150.ply,17Networks_RH_ContB_PFClv_4
rh.LCBC_roi.0151.ply,17Networks_RH_ContB_PFCmp_1
rh.LCBC_roi.0152.ply,17Networks_RH_ContC_pCun_1
rh.LCBC_roi.0153.ply,17Networks_RH_ContC_pCun_2
rh.LCBC_roi.0154.ply,17Networks_RH_ContC_pCun_3
rh.LCBC_roi.0155.ply,17Networks_RH_ContC_pCun_4
rh.LCBC_roi.0156.ply,17Networks_RH_ContC_pCun_5
rh.LCBC_roi.0157.ply,17Networks_RH_ContC_Cingp_1
rh.LCBC_roi.0158.ply,17Networks_RH_ContC_Cingp_2
rh.LCBC_roi.0159.ply,17Networks_RH_DefaultA_Temp_1
rh.LCBC_roi.0160.ply,17Networks_RH_DefaultA_IPL_1
rh.LCBC_roi.0161.ply,17Networks_RH_DefaultA_IPL_2
rh.LCBC_roi.0162.ply,17Networks_RH_DefaultA_PFCd_1
rh.LCBC_roi.0163.ply,17Networks_RH_DefaultA_PFCd_2
rh.LCBC_roi.0164.ply,17Networks_RH_DefaultA_PCC_1
rh.LCBC_roi.0165.ply,17Networks_RH_DefaultA_PCC_2
rh.LCBC_roi.0166.ply,17Networks_RH_DefaultA_PCC_3
rh.LCBC_roi.0167.ply,17Networks_RH_DefaultA_PCC_4
rh.LCBC_roi.0168.ply,17Networks_RH_DefaultA_PCC_5
rh.LCBC_roi.0169.ply,17Networks_RH_DefaultA_PFCm_1
rh.LCBC_roi.0170.ply,17Networks_RH_DefaultA_PFCm_2
rh.LCBC_roi.0171.ply,17Networks_RH_DefaultA_PFCm_3
rh.LCBC_roi.0172.ply,17Networks_RH_DefaultA_PFCm_4
rh.LCBC_roi.0173.ply,17Networks_RH_DefaultA_PFCm_5
rh.LCBC_roi.0174.ply,17Networks_RH_DefaultA_PFCm_6
rh.LCBC_roi.0175.ply,17Networks_RH_DefaultB_Temp_1
rh.LCBC_roi.0176.ply,17Networks_RH_DefaultB_Temp_2
rh.LCBC_roi.0177.ply,17Networks_RH_DefaultB_AntTemp_1
rh.LCBC_roi.0178.ply,17Networks_RH_DefaultB_PFCd_1
rh.LCBC_roi.0179.ply,17Networks_RH_DefaultB_PFCd_2
rh.LCBC_roi.0180.ply,17Networks_RH_DefaultB_PFCd_3
rh.LCBC_roi.0181.ply,17Networks_RH_DefaultB_PFCd_4
rh.LCBC_roi.0182.ply,17Networks_RH_DefaultB_PFCd_5
rh.LCBC_roi.0183.ply,17Networks_RH_DefaultB_PFCv_1
rh.LCBC_roi.0184.ply,17Networks_RH_DefaultB_PFCv_2
rh.LCBC_roi.0185.ply,17Networks_RH_DefaultB_PFCv_3
rh.LCBC_roi.0186.ply,17Networks_RH_DefaultC_IPL_1
rh.LCBC_roi.0187.ply,17Networks_RH_DefaultC_IPL_2
rh.LCBC_roi.0188.ply,17Networks_RH_DefaultC_Rsp_1
rh.LCBC_roi.0189.ply,17Networks_RH_DefaultC_Rsp_2
rh.LCBC_roi.0190.ply,17Networks_RH_DefaultC_PHC_1
rh.LCBC_roi.0191.ply,17Networks_RH_DefaultC_PHC_2
rh.LCBC_roi.0192.ply,17Networks_RH_TempPar_1
rh.LCBC_roi.0193.ply,17Networks_RH_TempPar_2
rh.LCBC_roi.0194.ply,17Networks_RH_TempPar_3
rh.LCBC_roi.0195.ply,17Networks_RH_TempPar_4
rh.LCBC_roi.0196.ply,17Networks_RH_TempPar_5
rh.LCBC_roi.0197.ply,17Networks_RH_TempPar_6
rh.LCBC_roi.0198.ply,17Networks_RH_TempPar_7
rh.LCBC_roi.0199.ply,17Networks_RH_TempPar_8
rh.LCBC_roi.0200.ply,17Networks_RH_TempPar_9
rh.LCBC_roi.0201.ply,17Networks_RH_TempPar_10
