filename,annot
lh.Schaefer2018_400Parcels_7Networks_order.annot.ply,lh.Schaefer2018_400Parcels_7Networks_order.annot
lh.LCBC_roi.0001.ply,Background+FreeSurfer_Defined_Medial_Wall
lh.LCBC_roi.0002.ply,7Networks_LH_Vis_1
lh.LCBC_roi.0003.ply,7Networks_LH_Vis_2
lh.LCBC_roi.0004.ply,7Networks_LH_Vis_3
lh.LCBC_roi.0005.ply,7Networks_LH_Vis_4
lh.LCBC_roi.0006.ply,7Networks_LH_Vis_5
lh.LCBC_roi.0007.ply,7Networks_LH_Vis_6
lh.LCBC_roi.0008.ply,7Networks_LH_Vis_7
lh.LCBC_roi.0009.ply,7Networks_LH_Vis_8
lh.LCBC_roi.0010.ply,7Networks_LH_Vis_9
lh.LCBC_roi.0011.ply,7Networks_LH_Vis_10
lh.LCBC_roi.0012.ply,7Networks_LH_Vis_11
lh.LCBC_roi.0013.ply,7Networks_LH_Vis_12
lh.LCBC_roi.0014.ply,7Networks_LH_Vis_13
lh.LCBC_roi.0015.ply,7Networks_LH_Vis_14
lh.LCBC_roi.0016.ply,7Networks_LH_Vis_15
lh.LCBC_roi.0017.ply,7Networks_LH_Vis_16
lh.LCBC_roi.0018.ply,7Networks_LH_Vis_17
lh.LCBC_roi.0019.ply,7Networks_LH_Vis_18
lh.LCBC_roi.0020.ply,7Networks_LH_Vis_19
lh.LCBC_roi.0021.ply,7Networks_LH_Vis_20
lh.LCBC_roi.0022.ply,7Networks_LH_Vis_21
lh.LCBC_roi.0023.ply,7Networks_LH_Vis_22
lh.LCBC_roi.0024.ply,7Networks_LH_Vis_23
lh.LCBC_roi.0025.ply,7Networks_LH_Vis_24
lh.LCBC_roi.0026.ply,7Networks_LH_Vis_25
lh.LCBC_roi.0027.ply,7Networks_LH_Vis_26
lh.LCBC_roi.0028.ply,7Networks_LH_Vis_27
lh.LCBC_roi.0029.ply,7Networks_LH_Vis_28
lh.LCBC_roi.0030.ply,7Networks_LH_Vis_29
lh.LCBC_roi.0031.ply,7Networks_LH_Vis_30
lh.LCBC_roi.0032.ply,7Networks_LH_Vis_31
lh.LCBC_roi.0033.ply,7Networks_LH_SomMot_1
lh.LCBC_roi.0034.ply,7Networks_LH_SomMot_2
lh.LCBC_roi.0035.ply,7Networks_LH_SomMot_3
lh.LCBC_roi.0036.ply,7Networks_LH_SomMot_4
lh.LCBC_roi.0037.ply,7Networks_LH_SomMot_5
lh.LCBC_roi.0038.ply,7Networks_LH_SomMot_6
lh.LCBC_roi.0039.ply,7Networks_LH_SomMot_7
lh.LCBC_roi.0040.ply,7Networks_LH_SomMot_8
lh.LCBC_roi.0041.ply,7Networks_LH_SomMot_9
lh.LCBC_roi.0042.ply,7Networks_LH_SomMot_10
lh.LCBC_roi.0043.ply,7Networks_LH_SomMot_11
lh.LCBC_roi.0044.ply,7Networks_LH_SomMot_12
lh.LCBC_roi.0045.ply,7Networks_LH_SomMot_13
lh.LCBC_roi.0046.ply,7Networks_LH_SomMot_14
lh.LCBC_roi.0047.ply,7Networks_LH_SomMot_15
lh.LCBC_roi.0048.ply,7Networks_LH_SomMot_16
lh.LCBC_roi.0049.ply,7Networks_LH_SomMot_17
lh.LCBC_roi.0050.ply,7Networks_LH_SomMot_18
lh.LCBC_roi.0051.ply,7Networks_LH_SomMot_19
lh.LCBC_roi.0052.ply,7Networks_LH_SomMot_20
lh.LCBC_roi.0053.ply,7Networks_LH_SomMot_21
lh.LCBC_roi.0054.ply,7Networks_LH_SomMot_22
lh.LCBC_roi.0055.ply,7Networks_LH_SomMot_23
lh.LCBC_roi.0056.ply,7Networks_LH_SomMot_24
lh.LCBC_roi.0057.ply,7Networks_LH_SomMot_25
lh.LCBC_roi.0058.ply,7Networks_LH_SomMot_26
lh.LCBC_roi.0059.ply,7Networks_LH_SomMot_27
lh.LCBC_roi.0060.ply,7Networks_LH_SomMot_28
lh.LCBC_roi.0061.ply,7Networks_LH_SomMot_29
lh.LCBC_roi.0062.ply,7Networks_LH_SomMot_30
lh.LCBC_roi.0063.ply,7Networks_LH_SomMot_31
lh.LCBC_roi.0064.ply,7Networks_LH_SomMot_32
lh.LCBC_roi.0065.ply,7Networks_LH_SomMot_33
lh.LCBC_roi.0066.ply,7Networks_LH_SomMot_34
lh.LCBC_roi.0067.ply,7Networks_LH_SomMot_35
lh.LCBC_roi.0068.ply,7Networks_LH_SomMot_36
lh.LCBC_roi.0069.ply,7Networks_LH_SomMot_37
lh.LCBC_roi.0070.ply,7Networks_LH_DorsAttn_Post_1
lh.LCBC_roi.0071.ply,7Networks_LH_DorsAttn_Post_2
lh.LCBC_roi.0072.ply,7Networks_LH_DorsAttn_Post_3
lh.LCBC_roi.0073.ply,7Networks_LH_DorsAttn_Post_4
lh.LCBC_roi.0074.ply,7Networks_LH_DorsAttn_Post_5
lh.LCBC_roi.0075.ply,7Networks_LH_DorsAttn_Post_6
lh.LCBC_roi.0076.ply,7Networks_LH_DorsAttn_Post_7
lh.LCBC_roi.0077.ply,7Networks_LH_DorsAttn_Post_8
lh.LCBC_roi.0078.ply,7Networks_LH_DorsAttn_Post_9
lh.LCBC_roi.0079.ply,7Networks_LH_DorsAttn_Post_10
lh.LCBC_roi.0080.ply,7Networks_LH_DorsAttn_Post_11
lh.LCBC_roi.0081.ply,7Networks_LH_DorsAttn_Post_12
lh.LCBC_roi.0082.ply,7Networks_LH_DorsAttn_Post_13
lh.LCBC_roi.0083.ply,7Networks_LH_DorsAttn_Post_14
lh.LCBC_roi.0084.ply,7Networks_LH_DorsAttn_Post_15
lh.LCBC_roi.0085.ply,7Networks_LH_DorsAttn_Post_16
lh.LCBC_roi.0086.ply,7Networks_LH_DorsAttn_Post_17
lh.LCBC_roi.0087.ply,7Networks_LH_DorsAttn_FEF_1
lh.LCBC_roi.0088.ply,7Networks_LH_DorsAttn_FEF_2
lh.LCBC_roi.0089.ply,7Networks_LH_DorsAttn_FEF_3
lh.LCBC_roi.0090.ply,7Networks_LH_DorsAttn_FEF_4
lh.LCBC_roi.0091.ply,7Networks_LH_DorsAttn_PrCv_1
lh.LCBC_roi.0092.ply,7Networks_LH_DorsAttn_PrCv_2
lh.LCBC_roi.0093.ply,7Networks_LH_SalVentAttn_ParOper_1
lh.LCBC_roi.0094.ply,7Networks_LH_SalVentAttn_ParOper_2
lh.LCBC_roi.0095.ply,7Networks_LH_SalVentAttn_ParOper_3
lh.LCBC_roi.0096.ply,7Networks_LH_SalVentAttn_ParOper_4
lh.LCBC_roi.0097.ply,7Networks_LH_SalVentAttn_TempOcc_1
lh.LCBC_roi.0098.ply,7Networks_LH_SalVentAttn_FrOper_1
lh.LCBC_roi.0099.ply,7Networks_LH_SalVentAttn_FrOper_2
lh.LCBC_roi.0100.ply,7Networks_LH_SalVentAttn_FrOper_3
lh.LCBC_roi.0101.ply,7Networks_LH_SalVentAttn_FrOper_4
lh.LCBC_roi.0102.ply,7Networks_LH_SalVentAttn_FrOper_5
lh.LCBC_roi.0103.ply,7Networks_LH_SalVentAttn_FrOper_6
lh.LCBC_roi.0104.ply,7Networks_LH_SalVentAttn_FrOper_7
lh.LCBC_roi.0105.ply,7Networks_LH_SalVentAttn_FrOper_8
lh.LCBC_roi.0106.ply,7Networks_LH_SalVentAttn_FrOper_9
lh.LCBC_roi.0107.ply,7Networks_LH_SalVentAttn_PFCl_1
lh.LCBC_roi.0108.ply,7Networks_LH_SalVentAttn_Med_1
lh.LCBC_roi.0109.ply,7Networks_LH_SalVentAttn_Med_2
lh.LCBC_roi.0110.ply,7Networks_LH_SalVentAttn_Med_3
lh.LCBC_roi.0111.ply,7Networks_LH_SalVentAttn_Med_4
lh.LCBC_roi.0112.ply,7Networks_LH_SalVentAttn_Med_5
lh.LCBC_roi.0113.ply,7Networks_LH_SalVentAttn_Med_6
lh.LCBC_roi.0114.ply,7Networks_LH_SalVentAttn_Med_7
lh.LCBC_roi.0115.ply,7Networks_LH_Limbic_OFC_1
lh.LCBC_roi.0116.ply,7Networks_LH_Limbic_OFC_2
lh.LCBC_roi.0117.ply,7Networks_LH_Limbic_OFC_3
lh.LCBC_roi.0118.ply,7Networks_LH_Limbic_OFC_4
lh.LCBC_roi.0119.ply,7Networks_LH_Limbic_OFC_5
lh.LCBC_roi.0120.ply,7Networks_LH_Limbic_TempPole_1
lh.LCBC_roi.0121.ply,7Networks_LH_Limbic_TempPole_2
lh.LCBC_roi.0122.ply,7Networks_LH_Limbic_TempPole_3
lh.LCBC_roi.0123.ply,7Networks_LH_Limbic_TempPole_4
lh.LCBC_roi.0124.ply,7Networks_LH_Limbic_TempPole_5
lh.LCBC_roi.0125.ply,7Networks_LH_Limbic_TempPole_6
lh.LCBC_roi.0126.ply,7Networks_LH_Limbic_TempPole_7
lh.LCBC_roi.0127.ply,7Networks_LH_Limbic_TempPole_8
lh.LCBC_roi.0128.ply,7Networks_LH_Cont_Par_1
lh.LCBC_roi.0129.ply,7Networks_LH_Cont_Par_2
lh.LCBC_roi.0130.ply,7Networks_LH_Cont_Par_3
lh.LCBC_roi.0131.ply,7Networks_LH_Cont_Par_4
lh.LCBC_roi.0132.ply,7Networks_LH_Cont_Par_5
lh.LCBC_roi.0133.ply,7Networks_LH_Cont_Par_6
lh.LCBC_roi.0134.ply,7Networks_LH_Cont_Temp_1
lh.LCBC_roi.0135.ply,7Networks_LH_Cont_PFCl_1
lh.LCBC_roi.0136.ply,7Networks_LH_Cont_PFCl_2
lh.LCBC_roi.0137.ply,7Networks_LH_Cont_PFCl_3
lh.LCBC_roi.0138.ply,7Networks_LH_Cont_PFCl_4
lh.LCBC_roi.0139.ply,7Networks_LH_Cont_PFCl_5
lh.LCBC_roi.0140.ply,7Networks_LH_Cont_PFCl_6
lh.LCBC_roi.0141.ply,7Networks_LH_Cont_PFCl_7
lh.LCBC_roi.0142.ply,7Networks_LH_Cont_PFCl_8
lh.LCBC_roi.0143.ply,7Networks_LH_Cont_PFCl_9
lh.LCBC_roi.0144.ply,7Networks_LH_Cont_PFCv_1
lh.LCBC_roi.0145.ply,7Networks_LH_Cont_pCun_1
lh.LCBC_roi.0146.ply,7Networks_LH_Cont_pCun_2
lh.LCBC_roi.0147.ply,7Networks_LH_Cont_Cing_1
lh.LCBC_roi.0148.ply,7Networks_LH_Cont_Cing_2
lh.LCBC_roi.0149.ply,7Networks_LH_Cont_PFCmp_1
lh.LCBC_roi.0150.ply,7Networks_LH_Default_Temp_1
lh.LCBC_roi.0151.ply,7Networks_LH_Default_Temp_2
lh.LCBC_roi.0152.ply,7Networks_LH_Default_Temp_3
lh.LCBC_roi.0153.ply,7Networks_LH_Default_Temp_4
lh.LCBC_roi.0154.ply,7Networks_LH_Default_Temp_5
lh.LCBC_roi.0155.ply,7Networks_LH_Default_Temp_6
lh.LCBC_roi.0156.ply,7Networks_LH_Default_Temp_7
lh.LCBC_roi.0157.ply,7Networks_LH_Default_Temp_8
lh.LCBC_roi.0158.ply,7Networks_LH_Default_Temp_9
lh.LCBC_roi.0159.ply,7Networks_LH_Default_Temp_10
lh.LCBC_roi.0160.ply,7Networks_LH_Default_Temp_11
lh.LCBC_roi.0161.ply,7Networks_LH_Default_Temp_12
lh.LCBC_roi.0162.ply,7Networks_LH_Default_Temp_13
lh.LCBC_roi.0163.ply,7Networks_LH_Default_Temp_14
lh.LCBC_roi.0164.ply,7Networks_LH_Default_Temp_15
lh.LCBC_roi.0165.ply,7Networks_LH_Default_Temp_16
lh.LCBC_roi.0166.ply,7Networks_LH_Default_Temp_17
lh.LCBC_roi.0167.ply,7Networks_LH_Default_PFC_1
lh.LCBC_roi.0168.ply,7Networks_LH_Default_PFC_2
lh.LCBC_roi.0169.ply,7Networks_LH_Default_PFC_3
lh.LCBC_roi.0170.ply,7Networks_LH_Default_PFC_4
lh.LCBC_roi.0171.ply,7Networks_LH_Default_PFC_5
lh.LCBC_roi.0172.ply,7Networks_LH_Default_PFC_6
lh.LCBC_roi.0173.ply,7Networks_LH_Default_PFC_7
lh.LCBC_roi.0174.ply,7Networks_LH_Default_PFC_8
lh.LCBC_roi.0175.ply,7Networks_LH_Default_PFC_9
lh.LCBC_roi.0176.ply,7Networks_LH_Default_PFC_10
lh.LCBC_roi.0177.ply,7Networks_LH_Default_PFC_11
lh.LCBC_roi.0178.ply,7Networks_LH_Default_PFC_12
lh.LCBC_roi.0179.ply,7Networks_LH_Default_PFC_13
lh.LCBC_roi.0180.ply,7Networks_LH_Default_PFC_14
lh.LCBC_roi.0181.ply,7Networks_LH_Default_PFC_15
lh.LCBC_roi.0182.ply,7Networks_LH_Default_PFC_16
lh.LCBC_roi.0183.ply,7Networks_LH_Default_PFC_17
lh.LCBC_roi.0184.ply,7Networks_LH_Default_PFC_18
lh.LCBC_roi.0185.ply,7Networks_LH_Default_PFC_19
lh.LCBC_roi.0186.ply,7Networks_LH_Default_PFC_20
lh.LCBC_roi.0187.ply,7Networks_LH_Default_PFC_21
lh.LCBC_roi.0188.ply,7Networks_LH_Default_PFC_22
lh.LCBC_roi.0189.ply,7Networks_LH_Default_PFC_23
lh.LCBC_roi.0190.ply,7Networks_LH_Default_PFC_24
lh.LCBC_roi.0191.ply,7Networks_LH_Default_PCC_1
lh.LCBC_roi.0192.ply,7Networks_LH_Default_PCC_2
lh.LCBC_roi.0193.ply,7Networks_LH_Default_PCC_3
lh.LCBC_roi.0194.ply,7Networks_LH_Default_PCC_4
lh.LCBC_roi.0195.ply,7Networks_LH_Default_PCC_5
lh.LCBC_roi.0196.ply,7Networks_LH_Default_PCC_6
lh.LCBC_roi.0197.ply,7Networks_LH_Default_PCC_7
lh.LCBC_roi.0198.ply,7Networks_LH_Default_PCC_8
lh.LCBC_roi.0199.ply,7Networks_LH_Default_PCC_9
lh.LCBC_roi.0200.ply,7Networks_LH_Default_PCC_10
lh.LCBC_roi.0201.ply,7Networks_LH_Default_PCC_11
